{
  "train_acc": [
    0.425875,
    0.428875,
    0.41425,
    0.430625,
    0.441
  ],
  "val_acc": [
    0.41125,
    0.45625,
    0.42625,
    0.4575,
    0.42625
  ],
  "train_loss": [
    1.042764663696289,
    1.1442450284957886,
    1.015425443649292,
    1.077592372894287,
    1.3161592483520508
  ],
  "val_loss": [
    1.042764663696289,
    1.1442450284957886,
    1.015425443649292,
    1.077592372894287,
    1.3161592483520508
  ],
  "train_time": [
    110.49228358268738,
    221.27549123764038,
    332.6663374900818,
    441.6533889770508,
    550.6161735057831
  ],
  "val_time": [
    114.92537665367126,
    225.7365791797638,
    336.57532119750977,
    445.7308247089386,
    555.1517944335938
  ]
}