{
  "train_acc": [
    0.527,
    0.585625,
    0.6225,
    0.64525,
    0.651,
    0.684375,
    0.718375,
    0.726125,
    0.752,
    0.78025
  ],
  "val_acc": [
    0.535,
    0.59375,
    0.59625,
    0.59625,
    0.5975,
    0.61,
    0.52625,
    0.5925,
    0.6025,
    0.59
  ],
  "train_loss": [
    0.7697184681892395,
    1.0356584787368774,
    0.8728120923042297,
    1.1354901790618896,
    0.5381122827529907,
    0.48379674553871155,
    0.4373820722103119,
    0.7814121842384338,
    0.41253021359443665,
    0.47522369027137756
  ],
  "val_loss": [
    1.2852628231048584,
    1.2287157773971558,
    0.965850293636322,
    0.8235439658164978,
    1.0329021215438843,
    0.52000892162323,
    0.3028731346130371,
    0.4402729868888855,
    0.8165591359138489,
    0.3869614005088806
  ],
  "train_time": [
    32.467846155166626,
    35.21007823944092,
    42.1463418006897,
    42.896263122558594,
    43.870049476623535,
    45.641974449157715,
    45.3055636882782,
    45.53281879425049,
    45.261094093322754,
    45.00809359550476
  ],
  "val_time": [
    0.7137367725372314,
    0.6997866630554199,
    0.8387584686279297,
    0.7063157558441162,
    0.7144033908843994,
    0.7889583110809326,
    0.70880126953125,
    0.693467378616333,
    0.6993520259857178,
    0.7635838985443115
  ]
}