{
  "train_acc": [
    0.40125,
    0.4045,
    0.41,
    0.412125,
    0.4125,
    0.4175,
    0.408125
  ],
  "val_acc": [
    0.4,
    0.4225,
    0.4075,
    0.43,
    0.39875,
    0.415,
    0.41
  ],
  "train_loss": [
    1.4677118062973022,
    1.020350694656372,
    0.9935941696166992,
    1.0715192556381226,
    1.1752867698669434,
    1.116554856300354,
    1.0700918436050415
  ],
  "val_loss": [
    1.4677118062973022,
    1.020350694656372,
    0.9935941696166992,
    1.0715192556381226,
    1.1752867698669434,
    1.116554856300354,
    1.0700918436050415
  ],
  "train_time": [
    1166.0122714042664,
    1295.5760192871094,
    1423.6941859722137,
    1546.5899171829224,
    1667.0684230327606,
    1788.6292934417725,
    1909.858717918396
  ],
  "val_time": [
    1170.4831590652466,
    1299.3911986351013,
    1428.4150278568268,
    1551.2781693935394,
    1671.7442586421967,
    1792.5484647750854,
    1913.9427773952484
  ]
}