{
  "train_acc": [
    0.529875,
    0.583,
    0.615875,
    0.647375,
    0.6455,
    0.693,
    0.721875,
    0.7375,
    0.776375,
    0.77675
  ],
  "val_acc": [
    0.54875,
    0.5925,
    0.57625,
    0.59,
    0.6025,
    0.59375,
    0.5225,
    0.58375,
    0.60375,
    0.59625
  ],
  "train_loss": [
    0.7064793705940247,
    0.9573676586151123,
    0.8782433271408081,
    1.0454163551330566,
    0.5835448503494263,
    0.4555255174636841,
    0.5647688508033752,
    0.6601895093917847,
    0.5691621899604797,
    0.46173202991485596
  ],
  "val_loss": [
    1.337359070777893,
    1.0978657007217407,
    0.6370234489440918,
    1.025209665298462,
    0.7283623218536377,
    0.45834529399871826,
    0.3165249824523926,
    0.5700782537460327,
    0.6655554175376892,
    1.0146621465682983
  ],
  "train_time": [
    85.6238534450531,
    90.20710921287537,
    103.33227443695068,
    104.63884115219116,
    106.4204933643341,
    108.28319215774536,
    108.58461093902588,
    110.05701780319214,
    110.91673374176025,
    111.97425746917725
  ],
  "val_time": [
    1.3282382488250732,
    1.5220916271209717,
    1.345188856124878,
    1.553039312362671,
    1.3072576522827148,
    1.3036377429962158,
    1.3120312690734863,
    1.3151283264160156,
    1.3072168827056885,
    1.4812967777252197
  ]
}